-- Sample Healthcare data layer (Databricks) for the Sisense -> ThoughtSpot demo.
-- GENERATED by scripts/gen_healthcare_sql.py (deterministic). Physical names mirror
-- the converter's Model TML (db_table = table id lowercased; db_column = name_with_underscores).
-- Run via: python sql/run_sql.py sql/databricks_sample_healthcare.sql

CREATE SCHEMA IF NOT EXISTS sisense_demo;
USE sisense_demo;

CREATE OR REPLACE TABLE a43c184bflqaac981lqaa4ddelqaaaea8lqaa62a92429469e (`ID` BIGINT, `Average_time_of_stay` BIGINT, `Positive` BIGINT, `Negative` BIGINT);
INSERT INTO a43c184bflqaac981lqaa4ddelqaaaea8lqaa62a92429469e (`ID`, `Average_time_of_stay`, `Positive`, `Negative`) VALUES
  (1, 2, 29, 14),
  (2, 3, 25, 18),
  (3, 5, 8, 1),
  (4, 7, 21, 7),
  (5, 10, 33, 8),
  (6, 6, 28, 19),
  (7, 3, 39, 20),
  (8, 4, 17, 7),
  (9, 11, 23, 15),
  (10, 2, 16, 3),
  (11, 2, 16, 6),
  (12, 1, 37, 4),
  (13, 1, 29, 2),
  (14, 3, 32, 9),
  (15, 2, 40, 9);

CREATE OR REPLACE TABLE rooms (`ID` BIGINT, `Room_number` BIGINT, `Division_ID` BIGINT, `Bed_count` BIGINT);
INSERT INTO rooms (`ID`, `Room_number`, `Division_ID`, `Bed_count`) VALUES
  (1, 101, 1, 1),
  (2, 102, 1, 1),
  (3, 103, 1, 2),
  (4, 201, 2, 1),
  (5, 202, 2, 1),
  (6, 203, 2, 1),
  (7, 301, 3, 1),
  (8, 302, 3, 4),
  (9, 303, 3, 1),
  (10, 401, 4, 4),
  (11, 402, 4, 2),
  (12, 403, 4, 1),
  (13, 501, 5, 1),
  (14, 502, 5, 1),
  (15, 503, 5, 1),
  (16, 601, 6, 1),
  (17, 602, 6, 4),
  (18, 603, 6, 4);

CREATE OR REPLACE TABLE diagnosis (`ID` BIGINT, `Description` STRING);
INSERT INTO diagnosis (`ID`, `Description`) VALUES
  (1, 'Hypertension'),
  (2, 'Type 2 Diabetes'),
  (3, 'Pneumonia'),
  (4, 'Acute Myocardial Infarction'),
  (5, 'Ischemic Stroke'),
  (6, 'Femur Fracture'),
  (7, 'Appendicitis'),
  (8, 'COPD Exacerbation'),
  (9, 'Sepsis'),
  (10, 'Asthma'),
  (11, 'Kidney Stones'),
  (12, 'Migraine'),
  (13, 'Influenza'),
  (14, 'Cellulitis'),
  (15, 'Urinary Tract Infection');

CREATE OR REPLACE TABLE patients (`Name` STRING, `Surname` STRING, `DOB` STRING, `ID` BIGINT, `Gender` STRING);
INSERT INTO patients (`Name`, `Surname`, `DOB`, `ID`, `Gender`) VALUES
  ('James', 'Rodriguez', '1952-12-21', 1, 'Female'),
  ('Patricia', 'Davis', '1977-05-26', 2, 'Male'),
  ('Robert', 'Lopez', '1967-06-09', 3, 'Male'),
  ('Patricia', 'Garcia', '1946-02-13', 4, 'Male'),
  ('Jennifer', 'Garcia', '1978-05-26', 5, 'Male'),
  ('Susan', 'Davis', '1974-02-13', 6, 'Male'),
  ('David', 'Jones', '1993-11-20', 7, 'Female'),
  ('Elizabeth', 'Brown', '1985-02-02', 8, 'Male'),
  ('John', 'Johnson', '1994-04-28', 9, 'Male'),
  ('Michael', 'Jones', '1969-11-27', 10, 'Female'),
  ('Robert', 'Garcia', '1962-04-22', 11, 'Female'),
  ('Susan', 'Hernandez', '1981-02-20', 12, 'Male'),
  ('David', 'Lopez', '1955-03-15', 13, 'Female'),
  ('John', 'Hernandez', '1984-09-08', 14, 'Female'),
  ('James', 'Brown', '1992-01-26', 15, 'Female'),
  ('Michael', 'Jones', '1944-04-19', 16, 'Female'),
  ('Patricia', 'Hernandez', '1971-07-21', 17, 'Female'),
  ('Robert', 'Jones', '1948-04-24', 18, 'Female'),
  ('Susan', 'Martinez', '1967-10-13', 19, 'Female'),
  ('Patricia', 'Williams', '1972-08-03', 20, 'Male'),
  ('Mary', 'Williams', '1980-03-26', 21, 'Female'),
  ('Elizabeth', 'Johnson', '1964-07-20', 22, 'Female'),
  ('David', 'Jones', '1975-01-22', 23, 'Male'),
  ('William', 'Rodriguez', '1988-05-25', 24, 'Female'),
  ('Mary', 'Jones', '1967-03-15', 25, 'Male'),
  ('Susan', 'Lopez', '1956-09-25', 26, 'Male'),
  ('David', 'Johnson', '1995-11-10', 27, 'Male'),
  ('Robert', 'Garcia', '1988-03-18', 28, 'Male'),
  ('Elizabeth', 'Garcia', '1971-01-04', 29, 'Female'),
  ('John', 'Brown', '1943-04-19', 30, 'Male'),
  ('Mary', 'Lopez', '1971-02-25', 31, 'Male'),
  ('Robert', 'Hernandez', '1970-09-06', 32, 'Female'),
  ('David', 'Martinez', '1967-04-18', 33, 'Male'),
  ('Susan', 'Jones', '1965-11-21', 34, 'Female'),
  ('Linda', 'Rodriguez', '1968-02-08', 35, 'Male'),
  ('Mary', 'Garcia', '1941-10-18', 36, 'Male'),
  ('Elizabeth', 'Brown', '1940-02-23', 37, 'Male'),
  ('Patricia', 'Johnson', '1997-01-28', 38, 'Female'),
  ('Mary', 'Rodriguez', '1955-05-22', 39, 'Female'),
  ('Patricia', 'Rodriguez', '1948-12-19', 40, 'Female'),
  ('Patricia', 'Davis', '1991-07-07', 41, 'Male'),
  ('Mary', 'Hernandez', '1967-06-14', 42, 'Female'),
  ('Linda', 'Lopez', '1943-11-21', 43, 'Male'),
  ('James', 'Miller', '1986-06-26', 44, 'Male'),
  ('Patricia', 'Brown', '1952-09-15', 45, 'Male'),
  ('Michael', 'Williams', '1957-08-08', 46, 'Male'),
  ('Linda', 'Rodriguez', '1946-01-21', 47, 'Male'),
  ('Mary', 'Brown', '1950-07-16', 48, 'Female'),
  ('Patricia', 'Miller', '1997-01-06', 49, 'Female'),
  ('James', 'Miller', '1956-08-10', 50, 'Female'),
  ('Susan', 'Lopez', '1990-09-22', 51, 'Female'),
  ('Robert', 'Brown', '1958-04-02', 52, 'Male'),
  ('Susan', 'Garcia', '1943-01-19', 53, 'Female'),
  ('David', 'Rodriguez', '1950-01-17', 54, 'Male'),
  ('Robert', 'Johnson', '1978-02-22', 55, 'Male'),
  ('Michael', 'Johnson', '1996-10-08', 56, 'Male'),
  ('Elizabeth', 'Johnson', '1966-11-19', 57, 'Female'),
  ('John', 'Brown', '1982-12-11', 58, 'Male'),
  ('John', 'Miller', '1948-11-21', 59, 'Female'),
  ('Linda', 'Garcia', '1999-02-01', 60, 'Female');

CREATE OR REPLACE TABLE divisions (`ID` BIGINT, `Divison_name` STRING);
INSERT INTO divisions (`ID`, `Divison_name`) VALUES
  (1, 'Cardiology'),
  (2, 'Oncology'),
  (3, 'Orthopedics'),
  (4, 'Pediatrics'),
  (5, 'Neurology'),
  (6, 'Emergency');

CREATE OR REPLACE TABLE admissions (`ID` BIGINT, `Patient_ID` BIGINT, `Diagnosis_ID` BIGINT, `Room_ID` BIGINT, `Doctor_ID` BIGINT, `Admission_Time` TIMESTAMP, `Discharge_Time` TIMESTAMP, `HAI` STRING, `Surgical_Procedure` STRING, `SSI` STRING, `Cost_of_admission` DOUBLE, `Death` STRING);
INSERT INTO admissions (`ID`, `Patient_ID`, `Diagnosis_ID`, `Room_ID`, `Doctor_ID`, `Admission_Time`, `Discharge_Time`, `HAI`, `Surgical_Procedure`, `SSI`, `Cost_of_admission`, `Death`) VALUES
  (1, 5, 14, 18, 11, TIMESTAMP'2024-09-09 09:30:00', TIMESTAMP'2024-09-11 12:30:00', 'No', 'No', 'No', 10373.83, 'No'),
  (2, 43, 15, 18, 11, TIMESTAMP'2024-05-22 08:15:00', TIMESTAMP'2024-05-24 09:15:00', 'No', 'No', 'No', 8463.07, 'No'),
  (3, 33, 15, 18, 12, TIMESTAMP'2024-01-03 17:45:00', TIMESTAMP'2024-01-05 17:45:00', 'No', 'No', 'No', 5827.53, 'No'),
  (4, 8, 10, 12, 7, TIMESTAMP'2023-12-05 15:00:00', TIMESTAMP'2023-12-08 00:00:00', 'No', 'Yes', 'No', 8277.67, 'No'),
  (5, 44, 1, 2, 1, TIMESTAMP'2023-02-12 19:45:00', TIMESTAMP'2023-02-16 06:45:00', 'No', 'No', 'No', 8734.07, 'No'),
  (6, 51, 1, 1, 2, TIMESTAMP'2024-11-28 18:15:00', TIMESTAMP'2024-11-30 20:15:00', 'No', 'No', 'No', 10035.97, 'No'),
  (7, 53, 11, 17, 12, TIMESTAMP'2024-04-08 07:15:00', TIMESTAMP'2024-04-10 12:15:00', 'No', 'Yes', 'No', 11727.15, 'No'),
  (8, 2, 15, 18, 12, TIMESTAMP'2023-05-06 16:30:00', TIMESTAMP'2023-05-07 17:30:00', 'No', 'No', 'No', 6927.99, 'No'),
  (9, 3, 13, 10, 8, TIMESTAMP'2024-01-17 19:15:00', TIMESTAMP'2024-01-20 01:15:00', 'No', 'No', 'No', 5106.32, 'No'),
  (10, 43, 7, 18, 12, TIMESTAMP'2023-07-23 11:15:00', TIMESTAMP'2023-07-26 17:15:00', 'No', 'Yes', 'No', 25969.2, 'No'),
  (11, 20, 10, 12, 7, TIMESTAMP'2023-07-26 16:30:00', TIMESTAMP'2023-07-28 23:30:00', 'No', 'No', 'No', 7718.52, 'No'),
  (12, 6, 2, 17, 12, TIMESTAMP'2024-04-22 11:15:00', TIMESTAMP'2024-04-25 13:15:00', 'No', 'No', 'No', 12264.79, 'No'),
  (13, 46, 14, 18, 11, TIMESTAMP'2024-08-13 10:15:00', TIMESTAMP'2024-08-15 22:15:00', 'No', 'No', 'No', 13410.57, 'No'),
  (14, 59, 11, 16, 11, TIMESTAMP'2024-08-05 19:45:00', TIMESTAMP'2024-08-09 03:45:00', 'No', 'Yes', 'No', 16841.9, 'No'),
  (15, 58, 12, 14, 10, TIMESTAMP'2023-08-15 11:15:00', TIMESTAMP'2023-08-17 23:15:00', 'No', 'No', 'No', 5543.03, 'No'),
  (16, 9, 8, 17, 11, TIMESTAMP'2023-07-23 09:15:00', TIMESTAMP'2023-07-26 15:15:00', 'No', 'No', 'No', 17311.93, 'No'),
  (17, 55, 13, 12, 7, TIMESTAMP'2024-10-13 14:00:00', TIMESTAMP'2024-10-15 18:00:00', 'No', 'No', 'No', 6966.45, 'No'),
  (18, 15, 13, 10, 8, TIMESTAMP'2023-08-01 13:30:00', TIMESTAMP'2023-08-04 00:30:00', 'No', 'No', 'Yes', 5186.52, 'No'),
  (19, 6, 13, 12, 7, TIMESTAMP'2024-03-28 14:15:00', TIMESTAMP'2024-03-29 18:15:00', 'No', 'No', 'No', 5232.42, 'No'),
  (20, 31, 10, 11, 7, TIMESTAMP'2023-09-02 12:15:00', TIMESTAMP'2023-09-05 13:15:00', 'No', 'No', 'No', 9716.42, 'No'),
  (21, 31, 3, 16, 11, TIMESTAMP'2024-10-07 14:30:00', TIMESTAMP'2024-10-12 16:30:00', 'No', 'No', 'No', 22780.5, 'No'),
  (22, 37, 13, 10, 8, TIMESTAMP'2024-07-13 18:15:00', TIMESTAMP'2024-07-15 03:15:00', 'No', 'Yes', 'No', 6177.43, 'No'),
  (23, 23, 2, 18, 11, TIMESTAMP'2024-11-12 08:30:00', TIMESTAMP'2024-11-14 14:30:00', 'No', 'No', 'No', 17440.75, 'No'),
  (24, 40, 10, 10, 8, TIMESTAMP'2024-09-25 14:45:00', TIMESTAMP'2024-09-28 01:45:00', 'No', 'No', 'No', 8331.5, 'No'),
  (25, 22, 11, 18, 12, TIMESTAMP'2023-06-06 14:15:00', TIMESTAMP'2023-06-09 02:15:00', 'No', 'Yes', 'No', 11773.84, 'No'),
  (26, 16, 12, 13, 9, TIMESTAMP'2024-08-18 19:15:00', TIMESTAMP'2024-08-21 05:15:00', 'No', 'Yes', 'No', 5382.22, 'No'),
  (27, 31, 15, 18, 12, TIMESTAMP'2024-06-14 18:30:00', TIMESTAMP'2024-06-17 05:30:00', 'No', 'No', 'No', 6806.53, 'No'),
  (28, 14, 15, 16, 11, TIMESTAMP'2024-05-24 16:30:00', TIMESTAMP'2024-05-25 19:30:00', 'No', 'No', 'No', 6033.09, 'No'),
  (29, 45, 1, 3, 2, TIMESTAMP'2024-11-28 19:45:00', TIMESTAMP'2024-11-29 19:45:00', 'No', 'No', 'No', 9084.02, 'No'),
  (30, 26, 11, 16, 11, TIMESTAMP'2024-10-21 17:00:00', TIMESTAMP'2024-10-22 19:00:00', 'Yes', 'Yes', 'No', 15046.5, 'No'),
  (31, 50, 10, 12, 7, TIMESTAMP'2024-08-15 11:45:00', TIMESTAMP'2024-08-17 20:45:00', 'No', 'No', 'No', 8661.3, 'No'),
  (32, 16, 15, 16, 11, TIMESTAMP'2023-02-06 07:45:00', TIMESTAMP'2023-02-08 18:45:00', 'No', 'No', 'No', 7214.44, 'No'),
  (33, 51, 15, 16, 12, TIMESTAMP'2024-10-22 19:15:00', TIMESTAMP'2024-10-24 20:15:00', 'No', 'No', 'No', 7351.79, 'No'),
  (34, 29, 7, 18, 12, TIMESTAMP'2023-12-10 18:45:00', TIMESTAMP'2023-12-15 02:45:00', 'No', 'Yes', 'No', 25040.21, 'No'),
  (35, 6, 13, 11, 7, TIMESTAMP'2023-11-27 20:00:00', TIMESTAMP'2023-11-30 05:00:00', 'No', 'No', 'No', 5105.59, 'No'),
  (36, 6, 13, 11, 8, TIMESTAMP'2024-07-11 12:00:00', TIMESTAMP'2024-07-12 17:00:00', 'No', 'No', 'No', 5427.3, 'No'),
  (37, 21, 2, 17, 12, TIMESTAMP'2023-07-28 15:00:00', TIMESTAMP'2023-08-02 21:00:00', 'No', 'No', 'No', 13616.31, 'No'),
  (38, 60, 6, 9, 5, TIMESTAMP'2023-12-16 08:00:00', TIMESTAMP'2023-12-25 17:00:00', 'No', 'Yes', 'Yes', 46343.21, 'No'),
  (39, 8, 5, 13, 10, TIMESTAMP'2024-03-16 18:30:00', TIMESTAMP'2024-03-31 05:30:00', 'No', 'No', 'No', 44942.95, 'No'),
  (40, 56, 13, 12, 7, TIMESTAMP'2023-07-11 19:30:00', TIMESTAMP'2023-07-12 23:30:00', 'No', 'No', 'No', 6350.12, 'No'),
  (41, 36, 11, 17, 12, TIMESTAMP'2024-07-15 12:15:00', TIMESTAMP'2024-07-18 15:15:00', 'No', 'Yes', 'Yes', 13911.06, 'No'),
  (42, 32, 9, 17, 11, TIMESTAMP'2024-03-17 16:30:00', TIMESTAMP'2024-03-25 23:30:00', 'No', 'Yes', 'No', 47006.21, 'No'),
  (43, 22, 2, 17, 12, TIMESTAMP'2024-07-21 08:30:00', TIMESTAMP'2024-07-26 13:30:00', 'No', 'No', 'No', 18362.47, 'No'),
  (44, 48, 15, 17, 11, TIMESTAMP'2023-02-25 17:00:00', TIMESTAMP'2023-02-27 19:00:00', 'No', 'Yes', 'No', 8004.74, 'No'),
  (45, 37, 3, 16, 12, TIMESTAMP'2024-03-06 09:00:00', TIMESTAMP'2024-03-13 15:00:00', 'No', 'No', 'No', 22051.72, 'No'),
  (46, 58, 6, 9, 5, TIMESTAMP'2024-05-22 15:15:00', TIMESTAMP'2024-05-26 22:15:00', 'No', 'Yes', 'No', 46921.87, 'No'),
  (47, 25, 11, 17, 11, TIMESTAMP'2024-02-08 13:30:00', TIMESTAMP'2024-02-11 17:30:00', 'No', 'Yes', 'No', 16510.43, 'No'),
  (48, 59, 13, 12, 7, TIMESTAMP'2024-08-27 11:15:00', TIMESTAMP'2024-08-29 14:15:00', 'No', 'No', 'No', 6488.26, 'No'),
  (49, 20, 14, 16, 11, TIMESTAMP'2024-01-19 12:15:00', TIMESTAMP'2024-01-21 16:15:00', 'No', 'No', 'No', 10366.0, 'No'),
  (50, 17, 12, 14, 9, TIMESTAMP'2024-08-26 11:30:00', TIMESTAMP'2024-08-27 18:30:00', 'No', 'No', 'No', 5382.09, 'No'),
  (51, 51, 13, 11, 7, TIMESTAMP'2023-05-18 08:45:00', TIMESTAMP'2023-05-20 18:45:00', 'No', 'No', 'No', 6482.26, 'No'),
  (52, 59, 11, 16, 12, TIMESTAMP'2024-11-03 17:45:00', TIMESTAMP'2024-11-06 21:45:00', 'Yes', 'Yes', 'Yes', 14235.45, 'No'),
  (53, 57, 2, 16, 11, TIMESTAMP'2024-07-15 12:45:00', TIMESTAMP'2024-07-18 18:45:00', 'No', 'No', 'No', 17384.88, 'No'),
  (54, 16, 4, 2, 2, TIMESTAMP'2024-02-22 12:30:00', TIMESTAMP'2024-02-27 18:30:00', 'No', 'Yes', 'No', 45143.75, 'No'),
  (55, 4, 4, 3, 1, TIMESTAMP'2024-04-05 19:15:00', TIMESTAMP'2024-04-11 07:15:00', 'No', 'Yes', 'No', 50642.44, 'No'),
  (56, 55, 13, 10, 8, TIMESTAMP'2024-03-18 11:15:00', TIMESTAMP'2024-03-19 21:15:00', 'No', 'No', 'No', 6418.84, 'Yes'),
  (57, 48, 6, 7, 5, TIMESTAMP'2023-02-24 08:45:00', TIMESTAMP'2023-03-03 20:45:00', 'No', 'Yes', 'No', 37397.95, 'No'),
  (58, 30, 15, 18, 12, TIMESTAMP'2024-01-02 14:45:00', TIMESTAMP'2024-01-05 00:45:00', 'No', 'No', 'No', 6093.81, 'No'),
  (59, 25, 3, 17, 12, TIMESTAMP'2024-09-10 14:45:00', TIMESTAMP'2024-09-14 02:45:00', 'No', 'No', 'No', 22339.37, 'No'),
  (60, 22, 11, 16, 12, TIMESTAMP'2024-07-14 18:00:00', TIMESTAMP'2024-07-17 00:00:00', 'No', 'Yes', 'No', 12079.05, 'No'),
  (61, 28, 2, 16, 11, TIMESTAMP'2023-12-12 19:15:00', TIMESTAMP'2023-12-15 04:15:00', 'No', 'No', 'No', 18745.72, 'No'),
  (62, 19, 10, 12, 7, TIMESTAMP'2024-06-04 16:15:00', TIMESTAMP'2024-06-06 02:15:00', 'No', 'No', 'No', 7826.57, 'No'),
  (63, 39, 5, 14, 9, TIMESTAMP'2024-12-09 07:15:00', TIMESTAMP'2024-12-19 18:15:00', 'No', 'No', 'No', 52934.34, 'No'),
  (64, 6, 1, 1, 1, TIMESTAMP'2024-04-13 13:45:00', TIMESTAMP'2024-04-15 15:45:00', 'No', 'No', 'No', 8857.49, 'No'),
  (65, 44, 3, 18, 11, TIMESTAMP'2023-08-22 13:45:00', TIMESTAMP'2023-08-29 20:45:00', 'No', 'No', 'No', 20131.25, 'No'),
  (66, 3, 13, 11, 8, TIMESTAMP'2023-10-02 07:15:00', TIMESTAMP'2023-10-04 10:15:00', 'No', 'No', 'No', 6929.7, 'No'),
  (67, 33, 3, 17, 11, TIMESTAMP'2024-11-26 12:00:00', TIMESTAMP'2024-12-02 23:00:00', 'No', 'No', 'No', 16025.7, 'No'),
  (68, 8, 14, 17, 12, TIMESTAMP'2023-06-06 19:45:00', TIMESTAMP'2023-06-10 20:45:00', 'No', 'No', 'No', 11152.94, 'No'),
  (69, 50, 8, 16, 12, TIMESTAMP'2023-09-21 08:15:00', TIMESTAMP'2023-09-26 13:15:00', 'No', 'No', 'No', 21256.93, 'No'),
  (70, 12, 13, 10, 7, TIMESTAMP'2024-11-16 14:45:00', TIMESTAMP'2024-11-19 00:45:00', 'No', 'No', 'No', 5542.16, 'No'),
  (71, 20, 8, 18, 11, TIMESTAMP'2024-01-02 12:30:00', TIMESTAMP'2024-01-05 22:30:00', 'No', 'No', 'No', 21340.35, 'No'),
  (72, 21, 1, 2, 1, TIMESTAMP'2024-09-05 07:45:00', TIMESTAMP'2024-09-06 19:45:00', 'No', 'No', 'No', 10333.88, 'No'),
  (73, 24, 10, 11, 7, TIMESTAMP'2023-05-13 13:30:00', TIMESTAMP'2023-05-16 22:30:00', 'No', 'No', 'No', 7140.34, 'No'),
  (74, 22, 6, 9, 5, TIMESTAMP'2023-11-05 12:30:00', TIMESTAMP'2023-11-14 23:30:00', 'No', 'Yes', 'No', 41851.59, 'No'),
  (75, 43, 14, 17, 11, TIMESTAMP'2024-12-22 15:00:00', TIMESTAMP'2024-12-27 23:00:00', 'No', 'No', 'No', 11534.34, 'No'),
  (76, 5, 5, 13, 9, TIMESTAMP'2023-02-17 19:00:00', TIMESTAMP'2023-03-01 07:00:00', 'No', 'No', 'No', 49188.51, 'No'),
  (77, 3, 3, 18, 12, TIMESTAMP'2023-11-24 10:45:00', TIMESTAMP'2023-12-01 14:45:00', 'No', 'No', 'No', 24766.16, 'No'),
  (78, 30, 4, 2, 2, TIMESTAMP'2024-07-17 15:45:00', TIMESTAMP'2024-07-23 18:45:00', 'No', 'Yes', 'No', 55560.49, 'No'),
  (79, 19, 13, 10, 7, TIMESTAMP'2023-03-09 14:15:00', TIMESTAMP'2023-03-11 15:15:00', 'No', 'No', 'Yes', 6943.66, 'No'),
  (80, 25, 12, 14, 9, TIMESTAMP'2024-06-08 07:30:00', TIMESTAMP'2024-06-09 18:30:00', 'No', 'No', 'No', 5016.47, 'No'),
  (81, 29, 3, 18, 12, TIMESTAMP'2024-02-01 11:15:00', TIMESTAMP'2024-02-05 19:15:00', 'No', 'No', 'No', 24636.24, 'No'),
  (82, 5, 5, 14, 10, TIMESTAMP'2023-08-20 15:00:00', TIMESTAMP'2023-09-04 00:00:00', 'No', 'No', 'No', 40442.79, 'No'),
  (83, 34, 15, 18, 11, TIMESTAMP'2024-02-17 15:00:00', TIMESTAMP'2024-02-19 22:00:00', 'No', 'No', 'No', 5640.11, 'No'),
  (84, 50, 5, 15, 9, TIMESTAMP'2024-06-05 07:30:00', TIMESTAMP'2024-06-19 12:30:00', 'No', 'No', 'No', 52050.68, 'No'),
  (85, 3, 3, 16, 12, TIMESTAMP'2023-01-26 10:00:00', TIMESTAMP'2023-01-31 14:00:00', 'No', 'No', 'No', 22016.7, 'No'),
  (86, 18, 8, 16, 12, TIMESTAMP'2023-06-14 13:45:00', TIMESTAMP'2023-06-20 18:45:00', 'No', 'No', 'No', 22980.68, 'No'),
  (87, 39, 10, 10, 8, TIMESTAMP'2024-03-18 11:30:00', TIMESTAMP'2024-03-19 12:30:00', 'No', 'No', 'No', 7065.98, 'No'),
  (88, 40, 11, 16, 12, TIMESTAMP'2024-05-21 19:00:00', TIMESTAMP'2024-05-23 05:00:00', 'No', 'Yes', 'No', 13770.4, 'No'),
  (89, 3, 3, 18, 12, TIMESTAMP'2023-04-25 17:30:00', TIMESTAMP'2023-04-30 23:30:00', 'No', 'No', 'No', 24009.97, 'No'),
  (90, 34, 2, 18, 11, TIMESTAMP'2023-06-21 11:15:00', TIMESTAMP'2023-06-23 11:15:00', 'No', 'No', 'No', 17148.96, 'No'),
  (91, 45, 11, 16, 12, TIMESTAMP'2024-08-07 08:15:00', TIMESTAMP'2024-08-08 15:15:00', 'No', 'Yes', 'No', 11121.29, 'No'),
  (92, 46, 7, 18, 12, TIMESTAMP'2023-09-10 11:15:00', TIMESTAMP'2023-09-13 23:15:00', 'No', 'Yes', 'No', 22445.5, 'No'),
  (93, 36, 12, 13, 10, TIMESTAMP'2024-08-26 15:15:00', TIMESTAMP'2024-08-27 16:15:00', 'No', 'No', 'No', 4418.42, 'No'),
  (94, 42, 2, 16, 12, TIMESTAMP'2023-08-22 15:30:00', TIMESTAMP'2023-08-26 03:30:00', 'No', 'No', 'No', 16364.47, 'No'),
  (95, 20, 2, 18, 11, TIMESTAMP'2023-06-23 10:30:00', TIMESTAMP'2023-06-27 11:30:00', 'No', 'No', 'No', 14770.33, 'No'),
  (96, 38, 12, 15, 9, TIMESTAMP'2024-03-06 17:30:00', TIMESTAMP'2024-03-07 17:30:00', 'No', 'No', 'No', 3941.86, 'No'),
  (97, 32, 14, 18, 11, TIMESTAMP'2024-09-10 17:30:00', TIMESTAMP'2024-09-15 20:30:00', 'Yes', 'No', 'No', 14393.42, 'No'),
  (98, 22, 11, 17, 11, TIMESTAMP'2024-06-28 18:30:00', TIMESTAMP'2024-07-01 23:30:00', 'No', 'Yes', 'No', 16209.16, 'No'),
  (99, 29, 11, 16, 12, TIMESTAMP'2023-02-02 11:45:00', TIMESTAMP'2023-02-05 17:45:00', 'No', 'Yes', 'No', 12727.99, 'No'),
  (100, 32, 7, 16, 11, TIMESTAMP'2024-08-16 11:45:00', TIMESTAMP'2024-08-18 12:45:00', 'No', 'Yes', 'No', 28801.92, 'No');
INSERT INTO admissions (`ID`, `Patient_ID`, `Diagnosis_ID`, `Room_ID`, `Doctor_ID`, `Admission_Time`, `Discharge_Time`, `HAI`, `Surgical_Procedure`, `SSI`, `Cost_of_admission`, `Death`) VALUES
  (101, 39, 1, 2, 2, TIMESTAMP'2024-11-22 14:30:00', TIMESTAMP'2024-11-25 14:30:00', 'No', 'No', 'No', 10905.8, 'No'),
  (102, 24, 10, 10, 7, TIMESTAMP'2024-02-13 15:45:00', TIMESTAMP'2024-02-16 19:45:00', 'No', 'No', 'No', 9836.48, 'No'),
  (103, 49, 8, 18, 12, TIMESTAMP'2023-10-17 13:00:00', TIMESTAMP'2023-10-20 13:00:00', 'No', 'No', 'No', 14895.94, 'No'),
  (104, 11, 7, 18, 12, TIMESTAMP'2023-10-24 20:30:00', TIMESTAMP'2023-10-29 04:30:00', 'No', 'Yes', 'No', 28362.93, 'No'),
  (105, 27, 8, 17, 11, TIMESTAMP'2024-12-28 18:00:00', TIMESTAMP'2025-01-03 22:00:00', 'No', 'No', 'No', 23615.54, 'No'),
  (106, 10, 3, 18, 12, TIMESTAMP'2024-04-02 16:00:00', TIMESTAMP'2024-04-06 16:00:00', 'No', 'No', 'No', 19839.4, 'No'),
  (107, 46, 11, 18, 11, TIMESTAMP'2023-04-18 12:45:00', TIMESTAMP'2023-04-21 18:45:00', 'No', 'Yes', 'No', 12290.33, 'No'),
  (108, 40, 15, 18, 12, TIMESTAMP'2024-04-09 15:30:00', TIMESTAMP'2024-04-10 19:30:00', 'No', 'No', 'No', 7595.48, 'No'),
  (109, 37, 6, 8, 5, TIMESTAMP'2024-07-13 20:30:00', TIMESTAMP'2024-07-19 00:30:00', 'Yes', 'Yes', 'No', 31646.79, 'No'),
  (110, 53, 11, 16, 11, TIMESTAMP'2024-09-23 11:15:00', TIMESTAMP'2024-09-24 20:15:00', 'Yes', 'Yes', 'No', 14341.06, 'No'),
  (111, 27, 5, 13, 9, TIMESTAMP'2023-08-04 17:15:00', TIMESTAMP'2023-08-11 01:15:00', 'No', 'No', 'No', 53137.27, 'No'),
  (112, 42, 6, 8, 6, TIMESTAMP'2023-02-21 16:15:00', TIMESTAMP'2023-03-02 03:15:00', 'No', 'Yes', 'No', 45251.9, 'No'),
  (113, 51, 3, 16, 12, TIMESTAMP'2024-12-28 11:00:00', TIMESTAMP'2024-12-31 15:00:00', 'No', 'No', 'No', 20240.42, 'No'),
  (114, 18, 12, 13, 10, TIMESTAMP'2023-02-11 09:45:00', TIMESTAMP'2023-02-13 20:45:00', 'No', 'No', 'No', 4561.69, 'No'),
  (115, 33, 14, 17, 12, TIMESTAMP'2023-07-22 08:15:00', TIMESTAMP'2023-07-25 15:15:00', 'No', 'No', 'No', 10515.66, 'No'),
  (116, 17, 7, 18, 11, TIMESTAMP'2024-12-08 07:00:00', TIMESTAMP'2024-12-13 11:00:00', 'No', 'Yes', 'No', 21729.03, 'No'),
  (117, 24, 15, 16, 12, TIMESTAMP'2024-04-05 14:15:00', TIMESTAMP'2024-04-08 01:15:00', 'No', 'No', 'No', 8465.41, 'No'),
  (118, 34, 4, 1, 1, TIMESTAMP'2023-12-12 08:00:00', TIMESTAMP'2023-12-17 16:00:00', 'No', 'Yes', 'No', 57719.3, 'No'),
  (119, 46, 10, 10, 7, TIMESTAMP'2024-02-17 14:00:00', TIMESTAMP'2024-02-19 16:00:00', 'No', 'Yes', 'No', 8161.81, 'No'),
  (120, 48, 9, 17, 11, TIMESTAMP'2023-02-02 13:30:00', TIMESTAMP'2023-02-10 21:30:00', 'No', 'Yes', 'Yes', 69443.76, 'No'),
  (121, 24, 3, 18, 12, TIMESTAMP'2024-07-15 20:45:00', TIMESTAMP'2024-07-21 21:45:00', 'No', 'No', 'No', 23332.88, 'No'),
  (122, 47, 12, 14, 9, TIMESTAMP'2024-01-25 07:30:00', TIMESTAMP'2024-01-27 17:30:00', 'No', 'No', 'No', 5377.49, 'No'),
  (123, 3, 4, 3, 1, TIMESTAMP'2024-07-20 19:00:00', TIMESTAMP'2024-07-26 22:00:00', 'No', 'Yes', 'No', 40139.51, 'No'),
  (124, 26, 5, 15, 9, TIMESTAMP'2023-09-07 19:00:00', TIMESTAMP'2023-09-16 03:00:00', 'No', 'No', 'No', 54218.99, 'No'),
  (125, 57, 7, 16, 12, TIMESTAMP'2023-11-17 10:45:00', TIMESTAMP'2023-11-21 14:45:00', 'No', 'Yes', 'No', 20588.17, 'No'),
  (126, 4, 10, 12, 8, TIMESTAMP'2024-11-22 13:30:00', TIMESTAMP'2024-11-25 19:30:00', 'No', 'No', 'No', 7988.77, 'No'),
  (127, 36, 3, 17, 11, TIMESTAMP'2023-07-18 15:15:00', TIMESTAMP'2023-07-24 18:15:00', 'No', 'Yes', 'No', 18687.59, 'No'),
  (128, 25, 4, 1, 2, TIMESTAMP'2024-10-02 20:00:00', TIMESTAMP'2024-10-09 08:00:00', 'No', 'Yes', 'No', 56076.5, 'No'),
  (129, 14, 8, 17, 11, TIMESTAMP'2024-12-04 18:45:00', TIMESTAMP'2024-12-09 05:45:00', 'No', 'No', 'No', 18762.43, 'No'),
  (130, 20, 12, 15, 10, TIMESTAMP'2023-09-16 14:00:00', TIMESTAMP'2023-09-19 02:00:00', 'No', 'No', 'No', 6010.93, 'No'),
  (131, 36, 3, 16, 12, TIMESTAMP'2024-10-24 13:30:00', TIMESTAMP'2024-10-28 16:30:00', 'No', 'No', 'No', 18776.53, 'No'),
  (132, 30, 6, 8, 6, TIMESTAMP'2023-06-06 09:45:00', TIMESTAMP'2023-06-11 17:45:00', 'No', 'Yes', 'No', 48245.14, 'No'),
  (133, 27, 15, 16, 11, TIMESTAMP'2023-11-08 08:15:00', TIMESTAMP'2023-11-09 11:15:00', 'No', 'No', 'No', 6666.48, 'No'),
  (134, 35, 12, 13, 9, TIMESTAMP'2024-01-01 15:30:00', TIMESTAMP'2024-01-03 15:30:00', 'No', 'No', 'No', 5162.72, 'No'),
  (135, 13, 12, 13, 9, TIMESTAMP'2024-05-27 12:30:00', TIMESTAMP'2024-05-29 13:30:00', 'No', 'No', 'No', 4670.93, 'No'),
  (136, 6, 2, 18, 11, TIMESTAMP'2023-07-18 14:00:00', TIMESTAMP'2023-07-21 01:00:00', 'No', 'No', 'No', 13199.57, 'No'),
  (137, 15, 2, 18, 11, TIMESTAMP'2023-12-19 14:30:00', TIMESTAMP'2023-12-21 15:30:00', 'No', 'No', 'No', 16615.3, 'No'),
  (138, 49, 1, 1, 1, TIMESTAMP'2024-07-03 11:15:00', TIMESTAMP'2024-07-06 14:15:00', 'No', 'No', 'No', 10286.11, 'No'),
  (139, 33, 15, 18, 11, TIMESTAMP'2024-06-02 08:45:00', TIMESTAMP'2024-06-03 09:45:00', 'No', 'No', 'No', 6329.38, 'No'),
  (140, 15, 6, 8, 6, TIMESTAMP'2023-07-14 09:45:00', TIMESTAMP'2023-07-18 21:45:00', 'No', 'Yes', 'No', 40902.67, 'No'),
  (141, 21, 14, 16, 12, TIMESTAMP'2023-02-01 11:45:00', TIMESTAMP'2023-02-05 23:45:00', 'No', 'No', 'No', 10360.84, 'No'),
  (142, 36, 1, 1, 2, TIMESTAMP'2023-10-26 12:45:00', TIMESTAMP'2023-10-27 16:45:00', 'No', 'No', 'No', 8566.91, 'No'),
  (143, 11, 12, 13, 10, TIMESTAMP'2023-05-09 14:15:00', TIMESTAMP'2023-05-10 16:15:00', 'Yes', 'No', 'No', 4437.79, 'No'),
  (144, 30, 14, 17, 11, TIMESTAMP'2023-05-01 13:30:00', TIMESTAMP'2023-05-07 01:30:00', 'No', 'No', 'No', 14191.44, 'No'),
  (145, 31, 7, 17, 11, TIMESTAMP'2023-07-11 11:45:00', TIMESTAMP'2023-07-14 16:45:00', 'No', 'Yes', 'No', 23316.4, 'No'),
  (146, 44, 13, 12, 7, TIMESTAMP'2024-01-24 14:15:00', TIMESTAMP'2024-01-27 02:15:00', 'No', 'No', 'No', 5682.6, 'No'),
  (147, 17, 14, 17, 11, TIMESTAMP'2024-12-14 19:45:00', TIMESTAMP'2024-12-17 02:45:00', 'No', 'No', 'No', 13736.89, 'No'),
  (148, 45, 13, 10, 8, TIMESTAMP'2024-09-20 17:00:00', TIMESTAMP'2024-09-22 05:00:00', 'No', 'No', 'No', 5086.45, 'No'),
  (149, 51, 14, 17, 12, TIMESTAMP'2023-01-04 11:15:00', TIMESTAMP'2023-01-07 18:15:00', 'No', 'No', 'No', 11026.27, 'No'),
  (150, 27, 11, 16, 12, TIMESTAMP'2024-02-04 20:15:00', TIMESTAMP'2024-02-07 00:15:00', 'No', 'Yes', 'No', 12685.82, 'No'),
  (151, 5, 15, 17, 12, TIMESTAMP'2023-12-04 07:30:00', TIMESTAMP'2023-12-07 08:30:00', 'No', 'No', 'No', 7628.64, 'No'),
  (152, 15, 13, 11, 8, TIMESTAMP'2024-11-06 09:45:00', TIMESTAMP'2024-11-08 09:45:00', 'No', 'No', 'Yes', 6949.95, 'No'),
  (153, 37, 6, 9, 5, TIMESTAMP'2023-09-06 12:30:00', TIMESTAMP'2023-09-11 19:30:00', 'No', 'Yes', 'No', 32335.61, 'No'),
  (154, 38, 9, 18, 12, TIMESTAMP'2023-06-28 14:15:00', TIMESTAMP'2023-07-09 23:15:00', 'No', 'No', 'No', 59911.49, 'No'),
  (155, 27, 3, 18, 12, TIMESTAMP'2024-10-13 13:15:00', TIMESTAMP'2024-10-19 23:15:00', 'No', 'No', 'No', 22642.4, 'No'),
  (156, 40, 3, 17, 12, TIMESTAMP'2023-06-01 14:15:00', TIMESTAMP'2023-06-05 20:15:00', 'No', 'No', 'No', 24683.16, 'No'),
  (157, 37, 12, 13, 9, TIMESTAMP'2023-04-10 07:30:00', TIMESTAMP'2023-04-11 15:30:00', 'No', 'No', 'No', 4289.64, 'No'),
  (158, 50, 13, 10, 8, TIMESTAMP'2024-06-18 20:00:00', TIMESTAMP'2024-06-21 04:00:00', 'No', 'No', 'No', 5286.48, 'No'),
  (159, 23, 1, 2, 2, TIMESTAMP'2024-02-15 20:00:00', TIMESTAMP'2024-02-16 23:00:00', 'No', 'No', 'No', 10077.98, 'No'),
  (160, 52, 3, 16, 11, TIMESTAMP'2023-06-18 11:15:00', TIMESTAMP'2023-06-23 22:15:00', 'No', 'No', 'No', 19179.18, 'No'),
  (161, 18, 3, 17, 11, TIMESTAMP'2024-03-23 20:15:00', TIMESTAMP'2024-03-27 22:15:00', 'No', 'No', 'No', 22928.12, 'No'),
  (162, 25, 6, 9, 6, TIMESTAMP'2024-11-26 19:00:00', TIMESTAMP'2024-12-04 03:00:00', 'No', 'Yes', 'No', 44466.71, 'No'),
  (163, 47, 13, 10, 7, TIMESTAMP'2024-11-22 18:30:00', TIMESTAMP'2024-11-24 06:30:00', 'No', 'No', 'No', 5623.19, 'No'),
  (164, 37, 8, 18, 11, TIMESTAMP'2024-06-22 19:00:00', TIMESTAMP'2024-06-25 20:00:00', 'No', 'Yes', 'No', 19413.48, 'No'),
  (165, 57, 10, 10, 7, TIMESTAMP'2024-03-28 11:00:00', TIMESTAMP'2024-03-31 16:00:00', 'No', 'No', 'No', 7522.57, 'No'),
  (166, 42, 15, 16, 12, TIMESTAMP'2023-02-01 10:45:00', TIMESTAMP'2023-02-02 12:45:00', 'Yes', 'No', 'No', 6988.82, 'No'),
  (167, 31, 10, 12, 7, TIMESTAMP'2023-07-03 18:00:00', TIMESTAMP'2023-07-04 23:00:00', 'No', 'No', 'No', 7206.17, 'No'),
  (168, 34, 15, 16, 11, TIMESTAMP'2024-10-21 09:45:00', TIMESTAMP'2024-10-23 20:45:00', 'No', 'No', 'No', 6437.78, 'No'),
  (169, 38, 2, 16, 11, TIMESTAMP'2024-06-14 12:15:00', TIMESTAMP'2024-06-17 16:15:00', 'No', 'No', 'No', 16610.14, 'No'),
  (170, 14, 1, 3, 2, TIMESTAMP'2024-09-07 18:45:00', TIMESTAMP'2024-09-10 04:45:00', 'No', 'No', 'No', 7736.61, 'No'),
  (171, 24, 13, 10, 7, TIMESTAMP'2024-03-13 20:45:00', TIMESTAMP'2024-03-16 04:45:00', 'No', 'No', 'Yes', 6717.54, 'No'),
  (172, 60, 6, 7, 5, TIMESTAMP'2023-07-17 11:45:00', TIMESTAMP'2023-07-24 22:45:00', 'No', 'Yes', 'No', 38233.36, 'No'),
  (173, 52, 2, 18, 11, TIMESTAMP'2023-06-13 16:00:00', TIMESTAMP'2023-06-18 03:00:00', 'No', 'No', 'No', 16587.89, 'No'),
  (174, 20, 14, 18, 11, TIMESTAMP'2024-11-24 09:00:00', TIMESTAMP'2024-11-26 20:00:00', 'No', 'No', 'No', 9095.14, 'No'),
  (175, 9, 6, 7, 6, TIMESTAMP'2024-05-24 08:00:00', TIMESTAMP'2024-05-30 20:00:00', 'No', 'Yes', 'No', 37970.43, 'No'),
  (176, 4, 12, 14, 10, TIMESTAMP'2024-10-06 12:15:00', TIMESTAMP'2024-10-09 00:15:00', 'No', 'No', 'No', 4264.94, 'No'),
  (177, 31, 1, 1, 1, TIMESTAMP'2023-03-06 20:00:00', TIMESTAMP'2023-03-10 08:00:00', 'No', 'No', 'No', 11544.59, 'No'),
  (178, 8, 6, 7, 6, TIMESTAMP'2024-01-06 10:00:00', TIMESTAMP'2024-01-13 11:00:00', 'No', 'Yes', 'No', 47172.24, 'No'),
  (179, 13, 11, 16, 12, TIMESTAMP'2023-05-24 16:15:00', TIMESTAMP'2023-05-26 21:15:00', 'No', 'Yes', 'No', 13944.83, 'No'),
  (180, 60, 5, 13, 9, TIMESTAMP'2023-04-18 12:00:00', TIMESTAMP'2023-04-29 12:00:00', 'No', 'No', 'No', 51034.19, 'No'),
  (181, 10, 10, 11, 7, TIMESTAMP'2024-02-02 10:45:00', TIMESTAMP'2024-02-05 15:45:00', 'No', 'No', 'No', 8702.08, 'No'),
  (182, 28, 13, 12, 7, TIMESTAMP'2024-03-08 11:30:00', TIMESTAMP'2024-03-10 23:30:00', 'No', 'No', 'No', 6047.9, 'No'),
  (183, 10, 3, 18, 11, TIMESTAMP'2023-08-15 12:45:00', TIMESTAMP'2023-08-18 20:45:00', 'No', 'No', 'No', 19148.99, 'No'),
  (184, 14, 15, 17, 11, TIMESTAMP'2024-06-05 08:15:00', TIMESTAMP'2024-06-07 14:15:00', 'No', 'No', 'Yes', 7282.13, 'No'),
  (185, 7, 11, 18, 11, TIMESTAMP'2024-03-04 07:00:00', TIMESTAMP'2024-03-05 09:00:00', 'No', 'Yes', 'No', 11149.03, 'No'),
  (186, 2, 13, 11, 7, TIMESTAMP'2024-04-21 14:15:00', TIMESTAMP'2024-04-23 02:15:00', 'No', 'No', 'No', 5045.95, 'No'),
  (187, 25, 9, 17, 11, TIMESTAMP'2024-03-12 10:15:00', TIMESTAMP'2024-03-23 14:15:00', 'No', 'No', 'No', 54004.26, 'No'),
  (188, 6, 13, 11, 7, TIMESTAMP'2023-03-14 10:15:00', TIMESTAMP'2023-03-15 16:15:00', 'No', 'No', 'No', 6298.43, 'No'),
  (189, 2, 9, 17, 11, TIMESTAMP'2023-04-01 19:30:00', TIMESTAMP'2023-04-09 07:30:00', 'No', 'No', 'No', 67670.69, 'No'),
  (190, 35, 15, 16, 12, TIMESTAMP'2024-12-02 19:15:00', TIMESTAMP'2024-12-06 07:15:00', 'No', 'No', 'No', 7687.51, 'No'),
  (191, 46, 15, 17, 11, TIMESTAMP'2024-10-19 09:15:00', TIMESTAMP'2024-10-21 17:15:00', 'No', 'Yes', 'No', 6519.51, 'No'),
  (192, 52, 1, 2, 1, TIMESTAMP'2023-12-06 19:30:00', TIMESTAMP'2023-12-07 19:30:00', 'No', 'No', 'No', 7472.73, 'No'),
  (193, 38, 2, 17, 12, TIMESTAMP'2023-05-11 09:15:00', TIMESTAMP'2023-05-16 21:15:00', 'No', 'No', 'No', 17649.26, 'No'),
  (194, 43, 14, 17, 11, TIMESTAMP'2024-03-13 11:30:00', TIMESTAMP'2024-03-16 13:30:00', 'No', 'No', 'No', 13382.7, 'No'),
  (195, 59, 1, 1, 2, TIMESTAMP'2024-10-08 17:00:00', TIMESTAMP'2024-10-10 19:00:00', 'No', 'No', 'No', 8186.92, 'No'),
  (196, 29, 15, 18, 12, TIMESTAMP'2023-04-08 18:00:00', TIMESTAMP'2023-04-10 22:00:00', 'No', 'Yes', 'No', 8137.39, 'No'),
  (197, 23, 10, 11, 8, TIMESTAMP'2024-02-27 14:15:00', TIMESTAMP'2024-02-28 21:15:00', 'No', 'No', 'No', 6396.29, 'No'),
  (198, 47, 3, 17, 11, TIMESTAMP'2023-02-11 16:45:00', TIMESTAMP'2023-02-14 22:45:00', 'No', 'No', 'No', 23679.98, 'No'),
  (199, 43, 4, 2, 2, TIMESTAMP'2023-04-04 07:45:00', TIMESTAMP'2023-04-13 15:45:00', 'No', 'Yes', 'No', 57249.65, 'No'),
  (200, 13, 15, 18, 12, TIMESTAMP'2023-04-06 17:30:00', TIMESTAMP'2023-04-08 00:30:00', 'No', 'No', 'No', 7654.65, 'No');
INSERT INTO admissions (`ID`, `Patient_ID`, `Diagnosis_ID`, `Room_ID`, `Doctor_ID`, `Admission_Time`, `Discharge_Time`, `HAI`, `Surgical_Procedure`, `SSI`, `Cost_of_admission`, `Death`) VALUES
  (201, 24, 13, 11, 7, TIMESTAMP'2024-06-06 14:00:00', TIMESTAMP'2024-06-08 21:00:00', 'Yes', 'No', 'No', 5743.64, 'No'),
  (202, 52, 2, 18, 12, TIMESTAMP'2024-10-08 15:00:00', TIMESTAMP'2024-10-13 23:00:00', 'No', 'No', 'No', 16201.45, 'No'),
  (203, 33, 2, 17, 11, TIMESTAMP'2024-09-26 16:15:00', TIMESTAMP'2024-09-29 04:15:00', 'No', 'No', 'No', 15502.53, 'No'),
  (204, 13, 2, 18, 12, TIMESTAMP'2024-11-05 20:30:00', TIMESTAMP'2024-11-10 07:30:00', 'No', 'No', 'No', 18506.44, 'No'),
  (205, 8, 11, 16, 12, TIMESTAMP'2023-03-19 16:00:00', TIMESTAMP'2023-03-21 01:00:00', 'No', 'Yes', 'No', 14791.57, 'No'),
  (206, 37, 6, 8, 6, TIMESTAMP'2024-01-06 11:45:00', TIMESTAMP'2024-01-11 20:45:00', 'Yes', 'Yes', 'No', 41038.79, 'No'),
  (207, 59, 5, 13, 10, TIMESTAMP'2023-06-01 12:30:00', TIMESTAMP'2023-06-11 16:30:00', 'No', 'No', 'No', 54289.87, 'No'),
  (208, 47, 10, 11, 8, TIMESTAMP'2023-11-03 10:45:00', TIMESTAMP'2023-11-04 16:45:00', 'No', 'No', 'No', 8697.1, 'No'),
  (209, 9, 7, 18, 12, TIMESTAMP'2024-09-19 07:15:00', TIMESTAMP'2024-09-22 10:15:00', 'No', 'Yes', 'No', 27706.13, 'No'),
  (210, 33, 6, 8, 6, TIMESTAMP'2023-02-22 07:15:00', TIMESTAMP'2023-02-28 14:15:00', 'No', 'Yes', 'No', 40021.96, 'No'),
  (211, 19, 3, 17, 11, TIMESTAMP'2023-01-06 20:15:00', TIMESTAMP'2023-01-11 06:15:00', 'No', 'No', 'No', 17556.78, 'No'),
  (212, 59, 15, 16, 12, TIMESTAMP'2023-03-20 19:00:00', TIMESTAMP'2023-03-21 23:00:00', 'No', 'No', 'No', 7202.23, 'No'),
  (213, 14, 8, 17, 12, TIMESTAMP'2024-11-17 20:45:00', TIMESTAMP'2024-11-20 20:45:00', 'No', 'No', 'No', 18286.94, 'No'),
  (214, 31, 7, 18, 11, TIMESTAMP'2023-05-21 12:30:00', TIMESTAMP'2023-05-25 22:30:00', 'No', 'Yes', 'No', 27649.83, 'No'),
  (215, 43, 1, 3, 2, TIMESTAMP'2023-03-24 07:45:00', TIMESTAMP'2023-03-26 11:45:00', 'No', 'No', 'No', 10751.33, 'No'),
  (216, 44, 8, 18, 11, TIMESTAMP'2024-08-22 12:30:00', TIMESTAMP'2024-08-26 22:30:00', 'No', 'Yes', 'No', 20901.78, 'No'),
  (217, 42, 3, 18, 12, TIMESTAMP'2023-06-08 18:30:00', TIMESTAMP'2023-06-15 06:30:00', 'No', 'No', 'No', 24473.63, 'No'),
  (218, 31, 14, 18, 11, TIMESTAMP'2024-09-04 20:45:00', TIMESTAMP'2024-09-09 02:45:00', 'No', 'No', 'No', 10437.09, 'No'),
  (219, 56, 11, 16, 12, TIMESTAMP'2024-02-16 12:15:00', TIMESTAMP'2024-02-18 22:15:00', 'No', 'Yes', 'No', 10709.72, 'No'),
  (220, 9, 3, 17, 11, TIMESTAMP'2024-11-14 13:45:00', TIMESTAMP'2024-11-20 19:45:00', 'No', 'No', 'No', 16923.1, 'No'),
  (221, 44, 12, 13, 9, TIMESTAMP'2023-12-08 10:30:00', TIMESTAMP'2023-12-10 12:30:00', 'Yes', 'No', 'Yes', 4208.09, 'No'),
  (222, 28, 11, 18, 12, TIMESTAMP'2024-03-11 14:30:00', TIMESTAMP'2024-03-12 16:30:00', 'No', 'Yes', 'No', 15855.79, 'No'),
  (223, 38, 3, 16, 11, TIMESTAMP'2024-02-12 18:00:00', TIMESTAMP'2024-02-19 04:00:00', 'No', 'Yes', 'No', 19185.46, 'No'),
  (224, 27, 1, 1, 1, TIMESTAMP'2023-02-18 11:45:00', TIMESTAMP'2023-02-21 13:45:00', 'No', 'Yes', 'No', 8644.87, 'No'),
  (225, 27, 14, 18, 11, TIMESTAMP'2024-02-17 18:00:00', TIMESTAMP'2024-02-21 19:00:00', 'No', 'No', 'No', 13520.18, 'No'),
  (226, 19, 8, 18, 12, TIMESTAMP'2023-09-16 10:45:00', TIMESTAMP'2023-09-21 13:45:00', 'No', 'No', 'No', 15165.17, 'No'),
  (227, 47, 2, 18, 11, TIMESTAMP'2024-05-21 10:45:00', TIMESTAMP'2024-05-25 14:45:00', 'Yes', 'No', 'No', 15409.64, 'No'),
  (228, 7, 7, 17, 11, TIMESTAMP'2024-01-01 20:15:00', TIMESTAMP'2024-01-05 01:15:00', 'No', 'Yes', 'No', 22658.06, 'No'),
  (229, 26, 8, 16, 11, TIMESTAMP'2023-08-09 20:45:00', TIMESTAMP'2023-08-16 08:45:00', 'No', 'No', 'No', 19500.62, 'No'),
  (230, 59, 3, 16, 12, TIMESTAMP'2024-10-22 14:15:00', TIMESTAMP'2024-10-29 20:15:00', 'No', 'No', 'No', 24524.28, 'No'),
  (231, 57, 11, 17, 11, TIMESTAMP'2023-01-03 11:30:00', TIMESTAMP'2023-01-04 22:30:00', 'No', 'Yes', 'No', 15219.92, 'No'),
  (232, 28, 15, 17, 11, TIMESTAMP'2024-04-16 12:45:00', TIMESTAMP'2024-04-17 20:45:00', 'No', 'Yes', 'No', 7921.35, 'No'),
  (233, 49, 12, 13, 9, TIMESTAMP'2024-04-11 11:00:00', TIMESTAMP'2024-04-12 19:00:00', 'No', 'No', 'No', 4847.95, 'No'),
  (234, 8, 12, 14, 10, TIMESTAMP'2024-12-21 07:00:00', TIMESTAMP'2024-12-23 13:00:00', 'No', 'No', 'No', 4110.94, 'No'),
  (235, 42, 12, 15, 9, TIMESTAMP'2024-06-12 20:00:00', TIMESTAMP'2024-06-14 03:00:00', 'No', 'No', 'No', 4370.91, 'No'),
  (236, 1, 2, 18, 11, TIMESTAMP'2023-11-26 11:30:00', TIMESTAMP'2023-11-28 11:30:00', 'No', 'No', 'No', 18272.08, 'No'),
  (237, 60, 4, 1, 1, TIMESTAMP'2024-04-15 20:15:00', TIMESTAMP'2024-04-26 01:15:00', 'No', 'Yes', 'No', 42082.61, 'No'),
  (238, 32, 11, 17, 11, TIMESTAMP'2023-12-02 15:45:00', TIMESTAMP'2023-12-05 22:45:00', 'No', 'Yes', 'No', 16683.52, 'No'),
  (239, 43, 3, 16, 12, TIMESTAMP'2024-06-17 13:45:00', TIMESTAMP'2024-06-25 00:45:00', 'No', 'No', 'No', 23427.44, 'No'),
  (240, 54, 10, 12, 8, TIMESTAMP'2024-06-23 18:15:00', TIMESTAMP'2024-06-24 21:15:00', 'No', 'No', 'No', 8100.82, 'No');

CREATE OR REPLACE TABLE er (`Patient_ID` BIGINT, `Diagnosis_ID` BIGINT, `ID` BIGINT, `Check_in_time` TIMESTAMP, `Attendance_time` TIMESTAMP, `Date` TIMESTAMP);
INSERT INTO er (`Patient_ID`, `Diagnosis_ID`, `ID`, `Check_in_time`, `Attendance_time`, `Date`) VALUES
  (45, 11, 1, TIMESTAMP'2024-03-17 17:00:00', TIMESTAMP'2024-03-17 17:51:00', TIMESTAMP'2024-03-17 17:00:00'),
  (36, 8, 2, TIMESTAMP'2024-12-04 11:00:00', TIMESTAMP'2024-12-04 12:24:00', TIMESTAMP'2024-12-04 11:00:00'),
  (27, 11, 3, TIMESTAMP'2024-10-22 22:00:00', TIMESTAMP'2024-10-22 23:45:00', TIMESTAMP'2024-10-22 22:00:00'),
  (52, 1, 4, TIMESTAMP'2024-09-10 13:00:00', TIMESTAMP'2024-09-10 14:16:00', TIMESTAMP'2024-09-10 13:00:00'),
  (10, 1, 5, TIMESTAMP'2024-02-01 12:00:00', TIMESTAMP'2024-02-01 13:35:00', TIMESTAMP'2024-02-01 12:00:00'),
  (49, 13, 6, TIMESTAMP'2024-01-07 08:00:00', TIMESTAMP'2024-01-07 08:30:00', TIMESTAMP'2024-01-07 08:00:00'),
  (10, 14, 7, TIMESTAMP'2024-05-22 08:00:00', TIMESTAMP'2024-05-22 08:17:00', TIMESTAMP'2024-05-22 08:00:00'),
  (14, 13, 8, TIMESTAMP'2024-12-26 09:00:00', TIMESTAMP'2024-12-26 10:19:00', TIMESTAMP'2024-12-26 09:00:00'),
  (7, 10, 9, TIMESTAMP'2024-01-12 14:00:00', TIMESTAMP'2024-01-12 15:36:00', TIMESTAMP'2024-01-12 14:00:00'),
  (48, 11, 10, TIMESTAMP'2024-12-18 07:00:00', TIMESTAMP'2024-12-18 08:21:00', TIMESTAMP'2024-12-18 07:00:00'),
  (51, 13, 11, TIMESTAMP'2024-07-08 16:00:00', TIMESTAMP'2024-07-08 17:52:00', TIMESTAMP'2024-07-08 16:00:00'),
  (43, 1, 12, TIMESTAMP'2024-12-10 22:00:00', TIMESTAMP'2024-12-10 22:58:00', TIMESTAMP'2024-12-10 22:00:00');

CREATE OR REPLACE TABLE doctors (`ID` BIGINT, `Name` STRING, `Surname` STRING, `Specialty` STRING, `Division_ID` BIGINT);
INSERT INTO doctors (`ID`, `Name`, `Surname`, `Specialty`, `Division_ID`) VALUES
  (1, 'James', 'Smith', 'Cardiologist', 1),
  (2, 'Mary', 'Johnson', 'Cardiologist', 1),
  (3, 'Robert', 'Williams', 'Oncologist', 2),
  (4, 'Patricia', 'Brown', 'Oncologist', 2),
  (5, 'John', 'Jones', 'Orthopedic Surgeon', 3),
  (6, 'Jennifer', 'Garcia', 'Orthopedic Surgeon', 3),
  (7, 'Michael', 'Miller', 'Pediatrician', 4),
  (8, 'Linda', 'Davis', 'Pediatrician', 4),
  (9, 'David', 'Rodriguez', 'Neurologist', 5),
  (10, 'Elizabeth', 'Martinez', 'Neurologist', 5),
  (11, 'William', 'Hernandez', 'Emergency Physician', 6),
  (12, 'Susan', 'Lopez', 'Emergency Physician', 6);
